{
  "2-3-click on productId" : {
    "transaction" : "2-3-click on productId",
    "sampleCount" : 278,
    "errorCount" : 0,
    "errorPct" : 0.0,
    "meanResTime" : 189.251798561151,
    "medianResTime" : 188.0,
    "minResTime" : 175.0,
    "maxResTime" : 218.0,
    "pct1ResTime" : 199.0,
    "pct2ResTime" : 204.0,
    "pct3ResTime" : 215.62999999999994,
    "throughput" : 3.152892608848514,
    "receivedKBytesPerSec" : 12.37660311617502,
    "sentKBytesPerSec" : 2.7007452678257517
  },
  "2-4-click on itemId" : {
    "transaction" : "2-4-click on itemId",
    "sampleCount" : 277,
    "errorCount" : 0,
    "errorPct" : 0.0,
    "meanResTime" : 186.42960288808663,
    "medianResTime" : 185.0,
    "minResTime" : 173.0,
    "maxResTime" : 206.0,
    "pct1ResTime" : 194.0,
    "pct2ResTime" : 196.09999999999997,
    "pct3ResTime" : 202.87999999999988,
    "throughput" : 3.141444383959354,
    "receivedKBytesPerSec" : 11.680895134447015,
    "sentKBytesPerSec" : 2.6712931558757482
  },
  "Click on product id" : {
    "transaction" : "Click on product id",
    "sampleCount" : 24,
    "errorCount" : 0,
    "errorPct" : 0.0,
    "meanResTime" : 187.79166666666669,
    "medianResTime" : 187.0,
    "minResTime" : 178.0,
    "maxResTime" : 197.0,
    "pct1ResTime" : 195.5,
    "pct2ResTime" : 196.75,
    "pct3ResTime" : 197.0,
    "throughput" : 0.31291151123221944,
    "receivedKBytesPerSec" : 1.2551983850832475,
    "sentKBytesPerSec" : 0.26799159702212544
  },
  "4-10-Click on sign out" : {
    "transaction" : "4-10-Click on sign out",
    "sampleCount" : 4,
    "errorCount" : 0,
    "errorPct" : 0.0,
    "meanResTime" : 366.0,
    "medianResTime" : 366.0,
    "minResTime" : 357.0,
    "maxResTime" : 375.0,
    "pct1ResTime" : 375.0,
    "pct2ResTime" : 375.0,
    "pct3ResTime" : 375.0,
    "throughput" : 0.1186485925310711,
    "receivedKBytesPerSec" : 0.6115500697060481,
    "sentKBytesPerSec" : 0.19523718595200665
  },
  "4-6-Click on add to cart" : {
    "transaction" : "4-6-Click on add to cart",
    "sampleCount" : 4,
    "errorCount" : 0,
    "errorPct" : 0.0,
    "meanResTime" : 190.0,
    "medianResTime" : 190.0,
    "minResTime" : 190.0,
    "maxResTime" : 190.0,
    "pct1ResTime" : 190.0,
    "pct2ResTime" : 190.0,
    "pct3ResTime" : 190.0,
    "throughput" : 0.11883188259409999,
    "receivedKBytesPerSec" : 0.5430988384183476,
    "sentKBytesPerSec" : 0.10212114910430468
  },
  "Click on sign out-0" : {
    "transaction" : "Click on sign out-0",
    "sampleCount" : 22,
    "errorCount" : 0,
    "errorPct" : 0.0,
    "meanResTime" : 180.36363636363637,
    "medianResTime" : 181.5,
    "minResTime" : 171.0,
    "maxResTime" : 188.0,
    "pct1ResTime" : 188.0,
    "pct2ResTime" : 188.0,
    "pct3ResTime" : 188.0,
    "throughput" : 0.3184252424374005,
    "receivedKBytesPerSec" : 0.071521294688088,
    "sentKBytesPerSec" : 0.26649456325083226
  },
  "4-2-Click on sign in" : {
    "transaction" : "4-2-Click on sign in",
    "sampleCount" : 6,
    "errorCount" : 0,
    "errorPct" : 0.0,
    "meanResTime" : 195.66666666666666,
    "medianResTime" : 201.0,
    "minResTime" : 182.0,
    "maxResTime" : 204.0,
    "pct1ResTime" : 204.0,
    "pct2ResTime" : 204.0,
    "pct3ResTime" : 204.0,
    "throughput" : 0.09382770106494441,
    "receivedKBytesPerSec" : 0.3752802613883372,
    "sentKBytesPerSec" : 0.07577686404366116
  },
  "Scenario-1 Search" : {
    "transaction" : "Scenario-1 Search",
    "sampleCount" : 6638,
    "errorCount" : 0,
    "errorPct" : 0.0,
    "meanResTime" : 684.212714673094,
    "medianResTime" : 818.0,
    "minResTime" : 0.0,
    "maxResTime" : 6415.0,
    "pct1ResTime" : 953.0,
    "pct2ResTime" : 974.0,
    "pct3ResTime" : 1946.0,
    "throughput" : 66.52769147507466,
    "receivedKBytesPerSec" : 554.6991860993907,
    "sentKBytesPerSec" : 126.65937717670728
  },
  "3-1-Open URL" : {
    "transaction" : "3-1-Open URL",
    "sampleCount" : 57,
    "errorCount" : 0,
    "errorPct" : 0.0,
    "meanResTime" : 858.8245614035088,
    "medianResTime" : 747.0,
    "minResTime" : 0.0,
    "maxResTime" : 4810.0,
    "pct1ResTime" : 794.0,
    "pct2ResTime" : 1749.8,
    "pct3ResTime" : 4810.0,
    "throughput" : 0.6237757033891813,
    "receivedKBytesPerSec" : 3.0943412873855043,
    "sentKBytesPerSec" : 0.46552339706059376
  },
  "3-3-Enter Usernname and password" : {
    "transaction" : "3-3-Enter Usernname and password",
    "sampleCount" : 53,
    "errorCount" : 0,
    "errorPct" : 0.0,
    "meanResTime" : 184.33962264150944,
    "medianResTime" : 188.0,
    "minResTime" : 0.0,
    "maxResTime" : 203.0,
    "pct1ResTime" : 194.0,
    "pct2ResTime" : 200.2,
    "pct3ResTime" : 203.0,
    "throughput" : 0.6320434082642657,
    "receivedKBytesPerSec" : 2.5280804662810805,
    "sentKBytesPerSec" : 0.7279120207501043
  },
  "4-8-Key in payment deatils and click continue" : {
    "transaction" : "4-8-Key in payment deatils and click continue",
    "sampleCount" : 4,
    "errorCount" : 0,
    "errorPct" : 0.0,
    "meanResTime" : 183.0,
    "medianResTime" : 183.0,
    "minResTime" : 178.0,
    "maxResTime" : 188.0,
    "pct1ResTime" : 188.0,
    "pct2ResTime" : 188.0,
    "pct3ResTime" : 188.0,
    "throughput" : 0.11927480916030533,
    "receivedKBytesPerSec" : 0.5201965797948473,
    "sentKBytesPerSec" : 0.17355416567270993
  },
  "2-1-Open URL" : {
    "transaction" : "2-1-Open URL",
    "sampleCount" : 305,
    "errorCount" : 0,
    "errorPct" : 0.0,
    "meanResTime" : 831.0295081967212,
    "medianResTime" : 747.0,
    "minResTime" : 704.0,
    "maxResTime" : 3205.0,
    "pct1ResTime" : 793.4000000000001,
    "pct2ResTime" : 1737.7,
    "pct3ResTime" : 3065.6799999999967,
    "throughput" : 3.1546393885171127,
    "receivedKBytesPerSec" : 15.529720436245254,
    "sentKBytesPerSec" : 2.4269370487831363
  },
  "3-4-Click on category" : {
    "transaction" : "3-4-Click on category",
    "sampleCount" : 51,
    "errorCount" : 0,
    "errorPct" : 0.0,
    "meanResTime" : 181.88235294117646,
    "medianResTime" : 184.0,
    "minResTime" : 0.0,
    "maxResTime" : 200.0,
    "pct1ResTime" : 191.0,
    "pct2ResTime" : 198.2,
    "pct3ResTime" : 200.0,
    "throughput" : 0.6396187370665329,
    "receivedKBytesPerSec" : 2.5793448611024017,
    "sentKBytesPerSec" : 0.517461160406346
  },
  "Click on sign out-1" : {
    "transaction" : "Click on sign out-1",
    "sampleCount" : 22,
    "errorCount" : 0,
    "errorPct" : 0.0,
    "meanResTime" : 184.72727272727275,
    "medianResTime" : 183.5,
    "minResTime" : 173.0,
    "maxResTime" : 198.0,
    "pct1ResTime" : 196.4,
    "pct2ResTime" : 197.85,
    "pct3ResTime" : 198.0,
    "throughput" : 0.3183745531902577,
    "receivedKBytesPerSec" : 1.5694870551800988,
    "sentKBytesPerSec" : 0.2636539268606822
  },
  "Scenario-3 Add to Cart" : {
    "transaction" : "Scenario-3 Add to Cart",
    "sampleCount" : 29,
    "errorCount" : 0,
    "errorPct" : 0.0,
    "meanResTime" : -6.0502904658655174E10,
    "medianResTime" : 2068.0,
    "minResTime" : -1.754584368852E12,
    "maxResTime" : 25024.0,
    "pct1ResTime" : 16522.0,
    "pct2ResTime" : 23429.0,
    "pct3ResTime" : 25024.0,
    "throughput" : 0.3065085505316338,
    "receivedKBytesPerSec" : 8.168892569413616,
    "sentKBytesPerSec" : 1.8072093420371191
  },
  "1 Open URL" : {
    "transaction" : "1 Open URL",
    "sampleCount" : 6636,
    "errorCount" : 0,
    "errorPct" : 0.0,
    "meanResTime" : 499.0040687160941,
    "medianResTime" : 712.0,
    "minResTime" : 170.0,
    "maxResTime" : 6233.0,
    "pct1ResTime" : 764.0,
    "pct2ResTime" : 781.0,
    "pct3ResTime" : 1761.0,
    "throughput" : 66.65729152018001,
    "receivedKBytesPerSec" : 325.0339090468489,
    "sentKBytesPerSec" : 51.5886302126233
  },
  "3-7-Click on signout" : {
    "transaction" : "3-7-Click on signout",
    "sampleCount" : 23,
    "errorCount" : 0,
    "errorPct" : 0.0,
    "meanResTime" : 482.34782608695645,
    "medianResTime" : 367.0,
    "minResTime" : 0.0,